,open_price,high_price,low_price,close_price,volume
2025-04-11 19:55:00,196.85,197.0,196.8,196.99,7992.0
2025-04-11 19:50:00,196.86,196.9707,196.8,196.85,3811.0
2025-04-11 19:45:00,196.95,196.95,196.8,196.88,2886.0
2025-04-11 19:40:00,196.65,196.98,196.6,196.94,4134.0
2025-04-11 19:35:00,196.69,196.97,196.5,196.68,3792.0
2025-04-11 19:30:00,196.98,196.98,196.5,196.68,10757.0
2025-04-11 19:25:00,196.87,196.98,196.87,196.92,1179.0
2025-04-11 19:20:00,196.85,196.99,196.81,196.96,1560.0
2025-04-11 19:15:00,196.94,196.98,196.8,196.88,3442.0
2025-04-11 19:10:00,196.94,196.98,196.9,196.91,5192.0
2025-04-11 19:05:00,196.87,196.98,196.85,196.91,6099.0
2025-04-11 19:00:00,196.83,196.95,196.75,196.86,1332.0
2025-04-11 18:55:00,196.78,196.99,196.75,196.77,2881.0
2025-04-11 18:50:00,196.7,197.0,196.66,196.74,3386.0
2025-04-11 18:45:00,196.67,196.73,196.6,196.65,1706.0
2025-04-11 18:40:00,196.7,196.8,196.6,196.615,2884.0
2025-04-11 18:35:00,196.6,196.83,196.6,196.76,12498.0
2025-04-11 18:30:00,196.75,196.8,196.6,196.66,4185.0
2025-04-11 18:25:00,196.5,197.05,196.5,196.8,12196.0
2025-04-11 18:20:00,196.85,196.85,195.82,196.54,19681.0
2025-04-11 18:15:00,197.13,197.13,196.8,196.8493,6033.0
2025-04-11 18:10:00,197.07,197.39,196.8632,197.14,25466.0
2025-04-11 18:05:00,197.51,197.51,197.2,197.3,13713.0
2025-04-11 18:00:00,197.7,197.74,197.41,197.48,9287.0
2025-04-11 17:55:00,197.81,197.81,197.66,197.69,3376.0
2025-04-11 17:50:00,197.98,197.99,197.72,197.72,6273.0
2025-04-11 17:45:00,197.81,197.99,197.81,197.99,3954.0
2025-04-11 17:40:00,197.96,197.99,197.81,197.88,2576.0
2025-04-11 17:35:00,198.0,198.0387,197.88,197.93,2523.0
2025-04-11 17:30:00,198.02,198.06,197.95,198.0,6246.0
2025-04-11 17:25:00,197.92,198.06,197.9152,198.05,4389.0
2025-04-11 17:20:00,198.0,198.06,197.875,197.92,4636.0
2025-04-11 17:15:00,198.05,198.06,197.99,198.0,2581.0
2025-04-11 17:10:00,198.06,198.06,197.93,198.05,3317.0
2025-04-11 17:05:00,216.7766,216.7766,197.94,198.06,7920.0
2025-04-11 17:00:00,198.05,226.1463,138.0645,198.05,7527.0
2025-04-11 16:55:00,198.03,222.3216,189.0331,198.01,9021.0
2025-04-11 16:50:00,198.25,221.3802,189.0331,198.03,17229.0
2025-04-11 16:45:00,198.2,198.44,138.0645,198.2,77253.0
2025-04-11 16:40:00,198.33,198.44,198.15,198.25,19233.0
2025-04-11 16:35:00,198.15,198.44,198.0201,198.3,14326.0
2025-04-11 16:30:00,198.09,198.15,198.01,198.09,467128.0
2025-04-11 16:25:00,197.97,198.15,197.9,198.08,6458.0
2025-04-11 16:20:00,198.06,198.15,197.9,197.97,45824.0
2025-04-11 16:15:00,198.15,247.38,197.8,198.0105,19736.0
2025-04-11 16:10:00,197.95,198.1545,197.8,197.9,40656.0
2025-04-11 16:05:00,198.08,198.15,197.85,197.95,2194776.0
2025-04-11 16:00:00,198.02,198.61,197.56,198.0983,20901695.0
2025-04-11 15:55:00,198.76,199.3,197.55,198.02,4641127.0
2025-04-11 15:50:00,198.04,199.0,197.68,198.81,1799550.0
2025-04-11 15:45:00,198.11,198.21,197.62,198.035,827179.0
2025-04-11 15:40:00,197.975,198.2,197.7,198.11,762980.0
2025-04-11 15:35:00,198.23,198.26,197.5414,197.98,782437.0
2025-04-11 15:30:00,198.35,198.39,197.66,198.2516,806231.0
2025-04-11 15:25:00,198.835,198.93,198.33,198.342,702391.0
2025-04-11 15:20:00,198.645,198.9499,198.48,198.835,606843.0
2025-04-11 15:15:00,198.66,198.72,197.915,198.595,634108.0
2025-04-11 15:10:00,198.5,198.79,198.21,198.6,501961.0
2025-04-11 15:05:00,198.1804,198.6317,197.92,198.5,653148.0
2025-04-11 15:00:00,197.545,198.49,197.49,198.2,511702.0
2025-04-11 14:55:00,198.06,198.24,197.4,197.54,375202.0
2025-04-11 14:50:00,198.37,198.42,197.4018,198.04,486261.0
2025-04-11 14:45:00,198.22,198.66,198.11,198.335,484205.0
2025-04-11 14:40:00,197.93,198.48,197.93,198.2,448345.0
2025-04-11 14:35:00,197.74,198.33,197.54,197.9301,487289.0
2025-04-11 14:30:00,197.6,197.9191,197.421,197.76,338375.0
2025-04-11 14:25:00,197.535,197.6899,196.97,197.58,433489.0
2025-04-11 14:20:00,197.4958,197.85,197.0,197.55,498414.0
2025-04-11 14:15:00,198.185,198.38,197.28,197.5411,507787.0
2025-04-11 14:10:00,197.91,198.64,197.67,198.19,547222.0
2025-04-11 14:05:00,198.12,198.18,197.29,197.97,558368.0
2025-04-11 14:00:00,198.2643,198.45,197.67,198.13,639619.0
2025-04-11 13:55:00,198.685,198.83,198.01,198.26,614648.0
2025-04-11 13:50:00,198.5402,198.96,198.0831,198.67,621974.0
2025-04-11 13:45:00,199.14,199.23,197.72,198.5246,867868.0
2025-04-11 13:40:00,197.78,199.54,197.736,199.1631,1278298.0
2025-04-11 13:35:00,196.51,197.87,196.2,197.78,802418.0
2025-04-11 13:30:00,196.83,197.1,196.0379,196.55,833800.0
2025-04-11 13:25:00,197.25,197.44,196.58,196.8307,683955.0
2025-04-11 13:20:00,197.615,198.05,196.9426,197.26,718082.0
2025-04-11 13:15:00,198.155,198.39,197.3,197.635,769635.0
2025-04-11 13:10:00,198.35,198.52,197.84,198.16,574035.0
2025-04-11 13:05:00,198.34,198.88,197.91,198.37,668627.0
2025-04-11 13:00:00,198.49,198.7,197.6301,198.34,714901.0
2025-04-11 12:55:00,199.22,199.35,198.25,198.4692,1010655.0
2025-04-11 12:50:00,199.0895,199.286,198.29,199.17,1321849.0
2025-04-11 12:45:00,197.85,199.1,197.72,199.04,1237427.0
2025-04-11 12:40:00,197.525,197.91,197.0343,197.78,707761.0
2025-04-11 12:35:00,197.232,198.18,197.232,197.51,994162.0
2025-04-11 12:30:00,195.82,197.38,195.81,197.26,871655.0
2025-04-11 12:25:00,196.084,196.37,195.63,195.801,784971.0
2025-04-11 12:20:00,197.01,197.07,196.04,196.0956,700217.0
2025-04-11 12:15:00,195.87,197.08,195.6101,197.0103,1003243.0
2025-04-11 12:10:00,196.22,196.6404,195.8405,195.862,1078988.0
2025-04-11 12:05:00,196.55,197.68,196.17,196.22,1931882.0
2025-04-11 12:00:00,195.63,196.64,195.21,196.545,1106550.0
2025-04-11 11:55:00,194.8,195.66,194.8,195.64,862476.0
2025-04-11 11:50:00,194.9201,195.22,194.45,194.7829,770526.0
2025-04-11 11:45:00,194.59,195.27,194.5548,194.955,1066216.0
2025-04-11 11:40:00,194.7,194.9595,194.025,194.63,763948.0
